{
    "accuracy": [
        0.20873786509037018,
        0.3980582654476166,
        0.5242718458175659,
        0.6383495330810547,
        0.7597087621688843,
        0.8349514603614807,
        0.8859223127365112,
        0.9368932247161865,
        0.9417475461959839,
        0.9781553149223328,
        0.9902912378311157,
        1.0,
        1.0,
        1.0,
        1.0
    ],
    "loss": [
        2.6336400508880615,
        1.6829936504364014,
        1.3104424476623535,
        1.0344159603118896,
        0.8078174591064453,
        0.5943744778633118,
        0.44699493050575256,
        0.3340531587600708,
        0.2644856572151184,
        0.18213309347629547,
        0.14310385286808014,
        0.07671723514795303,
        0.05495677888393402,
        0.04514992982149124,
        0.03905221447348595
    ],
    "val_accuracy": [
        0.3362068831920624,
        0.2586206793785095,
        0.2931034564971924,
        0.3534482717514038,
        0.38793104887008667,
        0.3362068831920624,
        0.3534482717514038,
        0.3362068831920624,
        0.3017241358757019,
        0.3017241358757019,
        0.3448275923728943,
        0.32758620381355286,
        0.3534482717514038,
        0.37068966031074524,
        0.3362068831920624
    ],
    "val_loss": [
        1.9497387409210205,
        1.8656671047210693,
        1.8601120710372925,
        1.8157638311386108,
        1.7586594820022583,
        1.913814902305603,
        1.9528112411499023,
        1.9709066152572632,
        2.2110586166381836,
        2.1441433429718018,
        2.0715065002441406,
        1.9716260433197021,
        1.9797885417938232,
        2.036703109741211,
        2.048274040222168
    ],
    "learning_rate": [
        9.999999747378752e-05,
        9.999999747378752e-05,
        9.999999747378752e-05,
        9.999999747378752e-05,
        9.999999747378752e-05,
        9.999999747378752e-05,
        9.999999747378752e-05,
        9.999999747378752e-05,
        9.999999747378752e-05,
        9.999999747378752e-05,
        9.999999747378752e-05,
        4.999999873689376e-05,
        4.999999873689376e-05,
        4.999999873689376e-05,
        4.999999873689376e-05
    ]
}