{
    "accuracy": [
        0.17578579485416412,
        0.20954598486423492,
        0.20256111025810242,
        0.2223515659570694,
        0.23399300873279572,
        0.28405120968818665,
        0.3119906783103943,
        0.3480791747570038,
        0.36786961555480957,
        0.35622817277908325,
        0.45285215973854065,
        0.49825379252433777,
        0.5483120083808899,
        0.6554132699966431,
        0.7101280689239502,
        0.7357392311096191,
        0.7904540300369263,
        0.8556460738182068,
        0.965075671672821,
        0.9837020039558411,
        0.9837020039558411,
        0.9976717233657837
    ],
    "loss": [
        0.4067860543727875,
        0.28008726239204407,
        0.2784108817577362,
        0.27154800295829773,
        0.27197232842445374,
        0.26171791553497314,
        0.2536444664001465,
        0.251316100358963,
        0.23754316568374634,
        0.22937625646591187,
        0.20983093976974487,
        0.19358618557453156,
        0.1693655550479889,
        0.14449651539325714,
        0.12203850597143173,
        0.10446754842996597,
        0.08241910487413406,
        0.06071540713310242,
        0.02423427812755108,
        0.014598800800740719,
        0.012437485158443451,
        0.005403393879532814
    ],
    "val_accuracy": [
        0.2242647111415863,
        0.21691176295280457,
        0.2389705926179886,
        0.2132352888584137,
        0.25,
        0.2757352888584137,
        0.2647058963775635,
        0.22794117033481598,
        0.30514705181121826,
        0.3125,
        0.31985294818878174,
        0.39338234066963196,
        0.3529411852359772,
        0.38235294818878174,
        0.41911765933036804,
        0.4227941036224365,
        0.4595588147640228,
        0.37867647409439087,
        0.44117647409439087,
        0.46691176295280457,
        0.43014705181121826,
        0.4522058963775635
    ],
    "val_loss": [
        1.7552155256271362,
        1.7710622549057007,
        1.7682902812957764,
        1.7961931228637695,
        1.8118035793304443,
        1.739750623703003,
        1.712208867073059,
        1.7854377031326294,
        1.7329338788986206,
        1.6810302734375,
        1.6814050674438477,
        1.554659128189087,
        1.6670160293579102,
        1.579250693321228,
        1.726010799407959,
        1.780238151550293,
        1.768844723701477,
        1.9490183591842651,
        2.1689558029174805,
        2.1005990505218506,
        2.2965087890625,
        2.2636966705322266
    ],
    "learning_rate": [
        9.999999747378752e-05,
        9.999999747378752e-05,
        9.999999747378752e-05,
        9.999999747378752e-05,
        9.999999747378752e-05,
        9.999999747378752e-05,
        9.999999747378752e-05,
        9.999999747378752e-05,
        9.999999747378752e-05,
        9.999999747378752e-05,
        9.999999747378752e-05,
        9.999999747378752e-05,
        9.999999747378752e-05,
        9.999999747378752e-05,
        9.999999747378752e-05,
        9.999999747378752e-05,
        9.999999747378752e-05,
        9.999999747378752e-05,
        4.999999873689376e-05,
        4.999999873689376e-05,
        4.999999873689376e-05,
        4.999999873689376e-05
    ]
}