{
    "final_loss": 1.95366370677948,
    "final_accuracy": 0.3212435245513916
}